iso3,vaccine_name,product_name,company_name,authorization_date,start_date,end_date,comment,data_source
LKA,Gamaleya - Sputnik V,Sputnik V,Gamaleya Research Institute,2021-03-04,2021-05-06,,,REPORTING
MNE,Beijing CNBG - Inactivated,Inactivated SARS-CoV-2 vaccine,Beijing Institute of Biological Products (CNBG),,2021-03-10,,,REPORTING
GEO,Pfizer BioNTech - Comirnaty,Comirnaty,Pfizer BioNTech,,2021-03-31,,,REPORTING
BRN,Moderna - mRNA-1273,mRNA-1273,Moderna,,,,,REPORTING
NLD,Janssen - Ad26.COV 2.5,Ad26.COV 2.5,Janssen Pharmaceuticals,,2021-04-21,,,REPORTING
KOR,Moderna - mRNA-1273,mRNA-1273,Moderna,,,,,REPORTING
MNP,Moderna - mRNA-1273,mRNA-1273,Moderna,2020-12-18,2021-01-12,,,REPORTING
KOR,Janssen - Ad26.COV 2.5,Ad26.COV 2.5,Janssen Pharmaceuticals,,,,,REPORTING
ARE,SII - Covishield,Covishield,Serum Institute of India,,,,,REPORTING
PER,Beijing CNBG - Inactivated,Inactivated SARS-CoV-2 vaccine,Beijing Institute of Biological Products (CNBG),,2021-02-09,,,REPORTING
SUR,AstraZeneca - AZD1222,AZD1222,AstraZeneca,,,,,REPORTING
ARG,Gamaleya - Sputnik V,Sputnik V,Gamaleya Research Institute,,2020-12-29,,,REPORTING
URY,AstraZeneca - AZD1222,AZD1222,AstraZeneca,,2021-04-17,,,REPORTING
SWE,Pfizer BioNTech - Comirnaty,Comirnaty,Pfizer BioNTech,,2020-12-23,,,REPORTING
ASM,Pfizer BioNTech - Comirnaty,Comirnaty,Pfizer BioNTech,,2020-12-21,,,REPORTING
HND,Gamaleya - Sputnik V,Sputnik V,Gamaleya Research Institute,,2021-04-22,,,REPORTING
JPN,Pfizer BioNTech - Comirnaty,Comirnaty,Pfizer BioNTech,2021-02-14,2021-02-17,,,REPORTING
ITA,Moderna - mRNA-1273,mRNA-1273,Moderna,,2021-01-13,,,REPORTING
SVK,Moderna - mRNA-1273,mRNA-1273,Moderna,,2021-01-27,,,REPORTING
MDV,SII - Covishield,Covishield,Serum Institute of India,2021-01-29,2021-02-01,,,REPORTING
CHN,Pfizer BioNTech - Comirnaty,Comirnaty,Pfizer BioNTech,2021-01-25,2021-03-06,,,REPORTING
SYC,SII - Covishield,Covishield,Serum Institute of India,,2021-01-10,,,REPORTING
SVK,Pfizer BioNTech - Comirnaty,Comirnaty,Pfizer BioNTech,,2021-01-06,,,REPORTING
VEN,Beijing CNBG - Inactivated,Inactivated SARS-CoV-2 vaccine,Beijing Institute of Biological Products (CNBG),,2021-03-13,,,REPORTING
FIN,Janssen - Ad26.COV 2.5,Ad26.COV 2.5,Janssen Pharmaceuticals,,2020-12-23,,,REPORTING
COG,SII - Covishield,Covishield,Serum Institute of India,2021-03-03,2021-03-23,,,REPORTING
PAN,AstraZeneca - AZD1222,AZD1222,AstraZeneca,,2021-04-22,,,REPORTING
CMR,Beijing CNBG - Inactivated,Inactivated SARS-CoV-2 vaccine,Beijing Institute of Biological Products (CNBG),2021-04-01,2021-04-12,,,REPORTING
PAK,Sinovac - CoronaVac,Coronavac,Sinovac,,,,,REPORTING
AND,AstraZeneca - AZD1222,AZD1222,AstraZeneca,,2021-03-03,,,REPORTING
OMN,Pfizer BioNTech - Comirnaty,Comirnaty,Pfizer BioNTech,,,,,REPORTING
HUN,Sinovac - CoronaVac,Coronavac,Sinovac,,2021-02-15,,,REPORTING
NRU,SII - Covishield,Covishield,Serum Institute of India,2021-03-02,,,,REPORTING
ZAF,Janssen - Ad26.COV 2.5,Ad26.COV 2.5,Janssen Pharmaceuticals,,2021-02-17,,,REPORTING
GRC,AstraZeneca - AZD1222,AZD1222,AstraZeneca,,2021-02-10,,,REPORTING
BGD,Gamaleya - Sputnik V,Sputnik V,Gamaleya Research Institute,2021-04-27,,,,REPORTING
TJK,AstraZeneca - AZD1222,AZD1222,AstraZeneca,,2021-04-14,,,REPORTING
MWI,SII - Covishield,Covishield,Serum Institute of India,,2021-03-11,,,REPORTING
CIV,Gamaleya - Sputnik V,Sputnik V,Gamaleya Research Institute,,2021-03-01,,,REPORTING
NZL,Janssen - Ad26.COV 2.5,Ad26.COV 2.5,Janssen Pharmaceuticals,,,,,REPORTING
CZE,Pfizer BioNTech - Comirnaty,Comirnaty,Pfizer BioNTech,,2020-12-23,,,REPORTING
MOZ,Beijing CNBG - Inactivated,Inactivated SARS-CoV-2 vaccine,Beijing Institute of Biological Products (CNBG),,2021-03-08,,,REPORTING
MUS,Beijing CNBG - Inactivated,Inactivated SARS-CoV-2 vaccine,Beijing Institute of Biological Products (CNBG),2021-03-18,,,,REPORTING
GRD,SII - Covishield,Covishield,Serum Institute of India,,2021-02-15,,,REPORTING
CYP,Moderna - mRNA-1273,mRNA-1273,Moderna,,2021-01-20,,,REPORTING
DJI,Gamaleya - Sputnik V,Sputnik V,Gamaleya Research Institute,,,,,REPORTING
ETH,Bharat - Covaxin,Covaxin,Bharat Biotech,2021-03-03,2021-03-13,,,REPORTING
CYP,Janssen - Ad26.COV 2.5,Ad26.COV 2.5,Janssen Pharmaceuticals,,2021-04-28,,,REPORTING
COG,Gamaleya - Sputnik V,Sputnik V,Gamaleya Research Institute,2021-03-03,2021-03-23,,,REPORTING
PRY,Gamaleya - Sputnik V,Sputnik V,Gamaleya Research Institute,,2021-02-22,,,REPORTING
TUR,Sinovac - CoronaVac,Coronavac,Sinovac,,,,,OWID
EGY,AstraZeneca - AZD1222,AZD1222,AstraZeneca,2020-12-30,2021-01-24,,,REPORTING
ALB,AstraZeneca - AZD1222,AZD1222,AstraZeneca,,2021-03-10,,,REPORTING
MOZ,SII - Covishield,Covishield,Serum Institute of India,,2021-03-08,,,REPORTING
URY,Pfizer BioNTech - Comirnaty,Comirnaty,Pfizer BioNTech,,2021-03-12,,,REPORTING
JOR,Janssen - Ad26.COV 2.5,Ad26.COV 2.5,Janssen Pharmaceuticals,,,,,REPORTING
MHL,Janssen - Ad26.COV 2.5,Ad26.COV 2.5,Janssen Pharmaceuticals,,,,,REPORTING
PHL,Gamaleya - Sputnik V,Sputnik V,Gamaleya Research Institute,2021-03-19,2021-05-04,,,REPORTING
BGR,Pfizer BioNTech - Comirnaty,Comirnaty,Pfizer BioNTech,,2020-12-30,,,REPORTING
BHR,Pfizer BioNTech - Comirnaty,Comirnaty,Pfizer BioNTech,,,,,REPORTING
CAN,SII - Covishield,Covishield,Serum Institute of India,,,,,REPORTING
NER,SII - Covishield,Covishield,Serum Institute of India,2021-03-04,2021-03-29,,,REPORTING
GRC,Moderna - mRNA-1273,mRNA-1273,Moderna,,2021-02-10,,,REPORTING
GBR,AstraZeneca - AZD1222,AZD1222,AstraZeneca,,2021-02-08,,,REPORTING
BGR,Moderna - mRNA-1273,mRNA-1273,Moderna,,2021-01-13,,,REPORTING
HUN,AstraZeneca - AZD1222,AZD1222,AstraZeneca,,2021-02-03,,,REPORTING
MNE,AstraZeneca - AZD1222,AZD1222,AstraZeneca,,2021-03-31,,,REPORTING
MYS,Sinovac - CoronaVac,Coronavac,Sinovac,2021-03-02,2021-03-18,,,REPORTING
CHL,Sinovac - CoronaVac,Coronavac,Sinovac,,2021-02-03,,,REPORTING
KOR,AstraZeneca - AZD1222,AZD1222,AstraZeneca,2021-02-09,2021-02-26,,,REPORTING
PRT,Janssen - Ad26.COV 2.5,Ad26.COV 2.5,Janssen Pharmaceuticals,,2021-02-03,,,REPORTING
KNA,AstraZeneca - AZD1222,AZD1222,AstraZeneca,,,,,REPORTING
PLW,Moderna - mRNA-1273,mRNA-1273,Moderna,,2021-01-03,,,REPORTING
PHL,AstraZeneca - AZD1222,AZD1222,AstraZeneca,2021-02-17,2021-03-07,,,REPORTING
MNG,AstraZeneca - AZD1222,AZD1222,AstraZeneca,2021-01-10,2021-03-19,,,REPORTING
LKA,Beijing CNBG - Inactivated,Inactivated SARS-CoV-2 vaccine,Beijing Institute of Biological Products (CNBG),2021-05-08,2021-04-05,,,REPORTING
KGZ,Gamaleya - Sputnik V,Sputnik V,Gamaleya Research Institute,,,,,OWID
LBY,Janssen - Ad26.COV 2.5,Ad26.COV 2.5,Janssen Pharmaceuticals,,,,,REPORTING
PSE,Moderna - mRNA-1273,mRNA-1273,Moderna,,,,,REPORTING
BGD,Beijing CNBG - Inactivated,Inactivated SARS-CoV-2 vaccine,Beijing Institute of Biological Products (CNBG),2021-04-29,2021-05-25,,,REPORTING
SAU,AstraZeneca - AZD1222,AZD1222,AstraZeneca,2020-12-10,2021-01-06,,,REPORTING
DEU,Moderna - mRNA-1273,mRNA-1273,Moderna,,2021-01-13,,,REPORTING
BHS,SII - Covishield,Covishield,Serum Institute of India,,2021-03-14,,,REPORTING
BES,Pfizer BioNTech - Comirnaty,Comirnaty,Pfizer BioNTech,,,,,REPORTING
JEY,Pfizer BioNTech - Comirnaty,Comirnaty,Pfizer BioNTech,,,,,OWID
SRB,AstraZeneca - AZD1222,AZD1222,AstraZeneca,,2021-02-24,,,REPORTING
LAO,Pfizer BioNTech - Comirnaty,Comirnaty,Pfizer BioNTech,,,,,REPORTING
SLE,SII - Covishield,Covishield,Serum Institute of India,2021-03-04,2021-03-15,,,REPORTING
FSM,AstraZeneca - AZD1222,AZD1222,AstraZeneca,,,,,REPORTING
SEN,Beijing CNBG - Inactivated,Inactivated SARS-CoV-2 vaccine,Beijing Institute of Biological Products (CNBG),2021-02-23,2021-02-23,,,REPORTING
LIE,Pfizer BioNTech - Comirnaty,Comirnaty,Pfizer BioNTech,,2021-02-10,,,REPORTING
VUT,AstraZeneca - AZD1222,AZD1222,AstraZeneca,,,,,REPORTING
IRN,Gamaleya - Sputnik V,Sputnik V,Gamaleya Research Institute,,,,,REPORTING
MYS,AstraZeneca - AZD1222,AZD1222,AstraZeneca,,,,,REPORTING
SLB,Beijing CNBG - Inactivated,Inactivated SARS-CoV-2 vaccine,Beijing Institute of Biological Products (CNBG),,,,,REPORTING
SRB,Beijing CNBG - Inactivated,Inactivated SARS-CoV-2 vaccine,Beijing Institute of Biological Products (CNBG),,2021-01-20,,,REPORTING
THA,SII - Covishield,Covishield,Serum Institute of India,2021-01-21,2021-03-16,,,REPORTING
SVN,Moderna - mRNA-1273,mRNA-1273,Moderna,,2021-01-20,,,REPORTING
TKM,Gamaleya - Sputnik V,Sputnik V,Gamaleya Research Institute,,2021-03-31,,,REPORTING
PHL,Janssen - Ad26.COV 2.5,Ad26.COV 2.5,Janssen Pharmaceuticals,2021-04-19,,,,REPORTING
NPL,Bharat - Covaxin,Covaxin,Bharat Biotech,2021-03-19,,,,REPORTING
DEU,Pfizer BioNTech - Comirnaty,Comirnaty,Pfizer BioNTech,,2020-12-23,,,REPORTING
PHL,Novavax - Covavax,Covavax,Novavax,,,,,REPORTING
SVN,Pfizer BioNTech - Comirnaty,Comirnaty,Pfizer BioNTech,,2020-12-23,,,REPORTING
BWA,SII - Covishield,Covishield,Serum Institute of India,,2021-03-26,,,REPORTING
LTU,AstraZeneca - AZD1222,AZD1222,AstraZeneca,,2021-02-10,,,REPORTING
IRQ,Gamaleya - Sputnik V,Sputnik V,Gamaleya Research Institute,,,,,REPORTING
TKL,Pfizer BioNTech - Comirnaty,Comirnaty,Pfizer BioNTech,,,,,REPORTING
COG,Moderna - mRNA-1273,mRNA-1273,Moderna,2021-03-03,2021-03-23,,,REPORTING
JAM,SII - Covishield,Covishield,Serum Institute of India,,2021-03-10,,,REPORTING
QAT,Pfizer BioNTech - Comirnaty,Comirnaty,Pfizer BioNTech,,,,,REPORTING
CPV,SII - Covishield,Covishield,Serum Institute of India,2021-02-25,2021-03-18,,,REPORTING
GNQ,Sinovac - CoronaVac,Coronavac,Sinovac,,2021-02-12,,,REPORTING
TUN,Gamaleya - Sputnik V,Sputnik V,Gamaleya Research Institute,,,,,REPORTING
BMU,Pfizer BioNTech - Comirnaty,Comirnaty,Pfizer BioNTech,,2021-01-11,,,REPORTING
AGO,SII - Covishield,Covishield,Serum Institute of India,,2021-03-10,,,REPORTING
MNP,Janssen - Ad26.COV 2.5,Ad26.COV 2.5,Janssen Pharmaceuticals,2021-02-27,2021-03-19,,,REPORTING
ZWE,Beijing CNBG - Inactivated,Inactivated SARS-CoV-2 vaccine,Beijing Institute of Biological Products (CNBG),,,,,REPORTING
NZL,Pfizer BioNTech - Comirnaty,Comirnaty,Pfizer BioNTech,2021-02-03,2021-02-19,,,REPORTING
BIH,Gamaleya - Sputnik V,Sputnik V,Gamaleya Research Institute,,,,,OWID
BRB,SII - Covishield,Covishield,Serum Institute of India,,2021-02-10,,,REPORTING
NIU,Pfizer BioNTech - Comirnaty,Comirnaty,Pfizer BioNTech,,,,,REPORTING
COM,Bharat - Covaxin,Covaxin,Bharat Biotech,2021-02-01,2021-04-10,,,REPORTING
SAU,Pfizer BioNTech - Comirnaty,Comirnaty,Pfizer BioNTech,,,,,REPORTING
IRL,AstraZeneca - AZD1222,AZD1222,AstraZeneca,,2021-02-03,,,REPORTING
KWT,AstraZeneca - AZD1222,AZD1222,AstraZeneca,2020-12-13,2020-12-28,,,REPORTING
MAR,Janssen - Ad26.COV 2.5,Ad26.COV 2.5,Janssen Pharmaceuticals,,,,,REPORTING
DMA,SII - Covishield,Covishield,Serum Institute of India,,2021-02-12,,,REPORTING
CZE,AstraZeneca - AZD1222,AZD1222,AstraZeneca,,2021-02-10,,,REPORTING
SLV,AstraZeneca - AZD1222,AZD1222,AstraZeneca,,2021-02-17,,,REPORTING
EGY,Sinovac - CoronaVac,Coronavac,Sinovac,,,,,REPORTING
RUS,Gamaleya - Sputnik V,Sputnik V,Gamaleya Research Institute,,,,,OWID
UGA,SII - Covishield,Covishield,Serum Institute of India,,2021-03-10,,,REPORTING
LBN,Pfizer BioNTech - Comirnaty,Comirnaty,Pfizer BioNTech,,,,,REPORTING
PAK,CanSino - Ad5-nCOV,Ad5-nCOV,CanSino Biologicals,,,,,REPORTING
HND,Janssen - Ad26.COV 2.5,Ad26.COV 2.5,Janssen Pharmaceuticals,,,,,REPORTING
LBN,AstraZeneca - AZD1222,AZD1222,AstraZeneca,2020-12-16,2021-02-14,,,REPORTING
CAF,SII - Covishield,Covishield,Serum Institute of India,2021-02-26,2021-03-19,,,REPORTING
IRL,Pfizer BioNTech - Comirnaty,Comirnaty,Pfizer BioNTech,,2020-12-30,,,REPORTING
KAZ,RIBSP - QazCovid,QazCovid-in,Research Institute for Biological Safety Problems,,2021-05-05,,,REPORTING
ECU,AstraZeneca - AZD1222,AZD1222,AstraZeneca,,,,,REPORTING
CMR,SII - Covishield,Covishield,Serum Institute of India,2021-03-04,2021-04-12,,,REPORTING
PRI,Pfizer BioNTech - Comirnaty,Comirnaty,Pfizer BioNTech,,,,,REPORTING
POL,Moderna - mRNA-1273,mRNA-1273,Moderna,,2021-01-13,,,REPORTING
MDA,Beijing CNBG - Inactivated,Inactivated SARS-CoV-2 vaccine,Beijing Institute of Biological Products (CNBG),,2021-03-24,,,REPORTING
MKD,Wuhan CNBG - Inactivated,Inactivated SARS-CoV-2 vaccine,Wuhan Institute of Biological Products (CNBG),,2021-04-21,,,REPORTING
GGY,Pfizer BioNTech - Comirnaty,Comirnaty,Pfizer BioNTech,,,,,OWID
DEU,Janssen - Ad26.COV 2.5,Ad26.COV 2.5,Janssen Pharmaceuticals,,2021-04-28,,,REPORTING
TKM,SRCVB - EpiVacCorona,EpiVacCorona,State Research Center of Virology & Biotechnology,,2021-03-31,,,REPORTING
NZL,Novavax - Covavax,Covavax,Novavax,,,,,REPORTING
AUS,AstraZeneca - AZD1222,AZD1222,AstraZeneca,2021-02-17,2021-03-08,,,REPORTING
PSE,Beijing CNBG - Inactivated,Inactivated SARS-CoV-2 vaccine,Beijing Institute of Biological Products (CNBG),,,,,REPORTING
AUS,Pfizer BioNTech - Comirnaty,Comirnaty,Pfizer BioNTech,2021-01-25,2021-02-22,,,REPORTING
PRY,AstraZeneca - AZD1222,AZD1222,AstraZeneca,,2021-03-23,,,REPORTING
KHM,SII - Covishield,Covishield,Serum Institute of India,2021-02-21,2021-03-04,,,REPORTING
LTU,Moderna - mRNA-1273,mRNA-1273,Moderna,,2021-01-13,,,REPORTING
PYF,Janssen - Ad26.COV 2.5,Ad26.COV 2.5,Janssen Pharmaceuticals,2021-03-25,2021-05-03,,,REPORTING
CHN,Beijing CNBG - Inactivated,Inactivated SARS-CoV-2 vaccine,Beijing Institute of Biological Products (CNBG),2020-12-30,2020-07-22,,,REPORTING
ETH,SII - Covishield,Covishield,Serum Institute of India,2021-03-03,2021-03-13,,,REPORTING
DOM,SII - Covishield,Covishield,Serum Institute of India,,2021-02-16,,,REPORTING
PLW,Janssen - Ad26.COV 2.5,Ad26.COV 2.5,Janssen Pharmaceuticals,,,,,REPORTING
GAB,Beijing CNBG - Inactivated,Inactivated SARS-CoV-2 vaccine,Beijing Institute of Biological Products (CNBG),,2021-03-23,,,REPORTING
MUS,SII - Covishield,Covishield,Serum Institute of India,2021-01-21,2021-01-26,,,REPORTING
SMR,Gamaleya - Sputnik V,Sputnik V,Gamaleya Research Institute,,2021-02-24,,,REPORTING
KWT,Pfizer BioNTech - Comirnaty,Comirnaty,Pfizer BioNTech,,,,,REPORTING
FIN,AstraZeneca - AZD1222,AZD1222,AstraZeneca,,2021-01-13,,,REPORTING
MAR,Beijing CNBG - Inactivated,Inactivated SARS-CoV-2 vaccine,Beijing Institute of Biological Products (CNBG),,,,,REPORTING
IRL,Janssen - Ad26.COV 2.5,Ad26.COV 2.5,Janssen Pharmaceuticals,,2021-05-05,,,REPORTING
BGD,Pfizer BioNTech - Comirnaty,Comirnaty,Pfizer BioNTech,2021-03-08,,,,REPORTING
CIV,SII - Covishield,Covishield,Serum Institute of India,2021-02-13,2021-03-01,,,REPORTING
CRI,AstraZeneca - AZD1222,AZD1222,AstraZeneca,,2021-04-19,,,REPORTING
BRA,SII - Covishield,Covishield,Serum Institute of India,,2021-01-17,,,REPORTING
PER,AstraZeneca - AZD1222,AZD1222,AstraZeneca,,2021-04-21,,,REPORTING
SUR,SII - Covishield,Covishield,Serum Institute of India,,2021-02-23,,,REPORTING
NAM,Beijing CNBG - Inactivated,Inactivated SARS-CoV-2 vaccine,Beijing Institute of Biological Products (CNBG),,2021-03-19,,,REPORTING
JPN,AstraZeneca - AZD1222,AZD1222,AstraZeneca,,,,,REPORTING
SVN,Janssen - Ad26.COV 2.5,Ad26.COV 2.5,Janssen Pharmaceuticals,,2021-04-28,,,REPORTING
ATG,AstraZeneca - AZD1222,AZD1222,AstraZeneca,,,,,REPORTING
HUN,Gamaleya - Sputnik V,Sputnik V,Gamaleya Research Institute,,2021-02-10,,,REPORTING
BEL,Janssen - Ad26.COV 2.5,Ad26.COV 2.5,Janssen Pharmaceuticals,,2021-04-28,,,REPORTING
LCA,AstraZeneca - AZD1222,AZD1222,AstraZeneca,,,,,REPORTING
BIH,AstraZeneca - AZD1222,AZD1222,AstraZeneca,,,,,OWID
STP,AstraZeneca - AZD1222,AZD1222,AstraZeneca,,2021-03-15,,,REPORTING
LVA,Pfizer BioNTech - Comirnaty,Comirnaty,Pfizer BioNTech,,2020-12-30,,,REPORTING
SXM,Moderna - mRNA-1273,mRNA-1273,Moderna,,,,,REPORTING
ASM,Moderna - mRNA-1273,mRNA-1273,Moderna,,2020-12-23,,,REPORTING
IRQ,AstraZeneca - AZD1222,AZD1222,AstraZeneca,2020-12-29,2021-03-02,,,REPORTING
ROU,Pfizer BioNTech - Comirnaty,Comirnaty,Pfizer BioNTech,,2021-01-27,,,REPORTING
MYS,Pfizer BioNTech - Comirnaty,Comirnaty,Pfizer BioNTech,2021-01-08,2021-02-24,,,REPORTING
MUS,Bharat - Covaxin,Covaxin,Bharat Biotech,2021-03-18,,,,REPORTING
MDA,Sinovac - CoronaVac,Coronavac,Sinovac,,2021-05-12,,,REPORTING
ARE,Pfizer BioNTech - Comirnaty,Comirnaty,Pfizer BioNTech,,,,,REPORTING
SMR,Pfizer BioNTech - Comirnaty,Comirnaty,Pfizer BioNTech,,2021-03-03,,,REPORTING
GRD,AstraZeneca - AZD1222,AZD1222,AstraZeneca,,,,,REPORTING
MYS,CanSino - Ad5-nCOV,Ad5-nCOV,CanSino Biologicals,,,,,REPORTING
BHS,AstraZeneca - AZD1222,AZD1222,AstraZeneca,,,,,REPORTING
IRL,Moderna - mRNA-1273,mRNA-1273,Moderna,,2021-01-13,,,REPORTING
ESP,Janssen - Ad26.COV 2.5,Ad26.COV 2.5,Janssen Pharmaceuticals,,2021-04-21,,,REPORTING
GMB,SII - Covishield,Covishield,Serum Institute of India,2021-02-12,2021-03-10,,,REPORTING
ITA,Pfizer BioNTech - Comirnaty,Comirnaty,Pfizer BioNTech,,2020-12-23,,,REPORTING
IDN,Sinovac - CoronaVac,Coronavac,Sinovac,2021-01-11,2021-01-13,,,REPORTING
PHL,Moderna - mRNA-1273,mRNA-1273,Moderna,,,,,REPORTING
SRB,Gamaleya - Sputnik V,Sputnik V,Gamaleya Research Institute,,2021-01-06,,,REPORTING
GIB,Pfizer BioNTech - Comirnaty,Comirnaty,Pfizer BioNTech,,,,,OWID
COG,Beijing CNBG - Inactivated,Inactivated SARS-CoV-2 vaccine,Beijing Institute of Biological Products (CNBG),2021-03-03,2021-03-23,,,REPORTING
BEL,Pfizer BioNTech - Comirnaty,Comirnaty,Pfizer BioNTech,,2020-12-30,,,REPORTING
DOM,AstraZeneca - AZD1222,AZD1222,AstraZeneca,,,,,REPORTING
NGA,SII - Covishield,Covishield,Serum Institute of India,2021-03-04,2021-03-05,,,REPORTING
OMN,SII - Covishield,Covishield,Serum Institute of India,,,,,REPORTING
VCT,Gamaleya - Sputnik V,Sputnik V,Gamaleya Research Institute,,2021-02-01,,,REPORTING
UKR,SII - Covishield,Covishield,Serum Institute of India,,2021-02-24,,,REPORTING
PER,Wuhan CNBG - Inactivated,Inactivated SARS-CoV-2 vaccine,Wuhan Institute of Biological Products (CNBG),2001-01-26,2021-02-09,,,REPORTING
PSE,Pfizer BioNTech - Comirnaty,Comirnaty,Pfizer BioNTech,,,,,REPORTING
GTM,Moderna - mRNA-1273,mRNA-1273,Moderna,,2021-02-25,,,REPORTING
CHL,AstraZeneca - AZD1222,AZD1222,AstraZeneca,,2021-04-28,,,REPORTING
NPL,SII - Covishield,Covishield,Serum Institute of India,2021-01-15,2021-01-27,,,REPORTING
KGZ,Beijing CNBG - Inactivated,Inactivated SARS-CoV-2 vaccine,Beijing Institute of Biological Products (CNBG),,,,,OWID
COL,Pfizer BioNTech - Comirnaty,Comirnaty,Pfizer BioNTech,,2021-02-17,,,REPORTING
MKD,AstraZeneca - AZD1222,AZD1222,AstraZeneca,,2021-03-31,,,REPORTING
GUY,Gamaleya - Sputnik V,Sputnik V,Gamaleya Research Institute,,,,,REPORTING
PRI,Moderna - mRNA-1273,mRNA-1273,Moderna,,,,,REPORTING
LBY,Pfizer BioNTech - Comirnaty,Comirnaty,Pfizer BioNTech,,,,,REPORTING
COL,AstraZeneca - AZD1222,AZD1222,AstraZeneca,,2021-03-29,,,REPORTING
LVA,Janssen - Ad26.COV 2.5,Ad26.COV 2.5,Janssen Pharmaceuticals,,2021-04-28,,,REPORTING
BRN,Janssen - Ad26.COV 2.5,Ad26.COV 2.5,Janssen Pharmaceuticals,,,,,REPORTING
KHM,Sinovac - CoronaVac,Coronavac,Sinovac,2021-03-12,2021-04-01,,,REPORTING
ETH,Beijing CNBG - Inactivated,Inactivated SARS-CoV-2 vaccine,Beijing Institute of Biological Products (CNBG),2021-03-05,2021-03-13,,,REPORTING
LUX,Janssen - Ad26.COV 2.5,Ad26.COV 2.5,Janssen Pharmaceuticals,,2021-04-14,,,REPORTING
GHA,Gamaleya - Sputnik V,Sputnik V,Gamaleya Research Institute,2021-02-09,2021-03-02,,,REPORTING
NIC,Gamaleya - Sputnik V,Sputnik V,Gamaleya Research Institute,,2021-03-02,,,REPORTING
GIN,Pfizer BioNTech - Comirnaty,Comirnaty,Pfizer BioNTech,2021-01-27,2021-03-05,,,REPORTING
NPL,Beijing CNBG - Inactivated,Inactivated SARS-CoV-2 vaccine,Beijing Institute of Biological Products (CNBG),2021-02-16,2021-04-07,,,REPORTING
MDA,Pfizer BioNTech - Comirnaty,Comirnaty,Pfizer BioNTech,,2021-03-24,,,REPORTING
MYS,Gamaleya - Sputnik V,Sputnik V,Gamaleya Research Institute,,,,,REPORTING
BHR,AstraZeneca - AZD1222,AZD1222,AstraZeneca,,2020-12-25,,,REPORTING
PAK,Beijing CNBG - Inactivated,Inactivated SARS-CoV-2 vaccine,Beijing Institute of Biological Products (CNBG),,,,,REPORTING
AUT,Pfizer BioNTech - Comirnaty,Comirnaty,Pfizer BioNTech,,2020-12-30,,,REPORTING
AFG,Pfizer BioNTech - Comirnaty,Comirnaty,Pfizer BioNTech,,,,,REPORTING
TTO,SII - Covishield,Covishield,Serum Institute of India,,2021-02-17,,,REPORTING
KIR,AstraZeneca - AZD1222,AZD1222,AstraZeneca,,,,,REPORTING
DJI,SII - Covishield,Covishield,Serum Institute of India,2021-02-22,2021-03-15,,,REPORTING
SVK,AstraZeneca - AZD1222,AZD1222,AstraZeneca,,2021-02-10,,,REPORTING
SYR,Beijing CNBG - Inactivated,Inactivated SARS-CoV-2 vaccine,Beijing Institute of Biological Products (CNBG),,,,,REPORTING
HUN,Pfizer BioNTech - Comirnaty,Comirnaty,Pfizer BioNTech,,2020-12-23,,,REPORTING
GIN,Janssen - Ad26.COV 2.5,Ad26.COV 2.5,Janssen Pharmaceuticals,2021-03-22,2021-03-05,,,REPORTING
UZB,Gamaleya - Sputnik V,Sputnik V,Gamaleya Research Institute,,2021-05-12,,,REPORTING
YEM,SII - Covishield,Covishield,Serum Institute of India,2021-02-27,2021-04-20,,,REPORTING
SLE,Beijing CNBG - Inactivated,Inactivated SARS-CoV-2 vaccine,Beijing Institute of Biological Products (CNBG),,2021-03-15,,,REPORTING
UKR,Sinovac - CoronaVac,Coronavac,Sinovac,,2021-04-14,,,REPORTING
FSM,Pfizer BioNTech - Comirnaty,Comirnaty,Pfizer BioNTech,,2021-01-13,,,REPORTING
NRU,AstraZeneca - AZD1222,AZD1222,AstraZeneca,2021-03-02,2021-04-09,,,REPORTING
AUT,AstraZeneca - AZD1222,AZD1222,AstraZeneca,,2021-02-10,,,REPORTING
TUV,AstraZeneca - AZD1222,AZD1222,AstraZeneca,2021-03-02,2021-04-13,,,REPORTING
SOM,Beijing CNBG - Inactivated,Inactivated SARS-CoV-2 vaccine,Beijing Institute of Biological Products (CNBG),,,,,REPORTING
PHL,Beijing CNBG - Inactivated,Inactivated SARS-CoV-2 vaccine,Beijing Institute of Biological Products (CNBG),,,,,REPORTING
BGD,SII - Covishield,Covishield,Serum Institute of India,2021-01-07,2021-01-27,,,REPORTING
BGR,Janssen - Ad26.COV 2.5,Ad26.COV 2.5,Janssen Pharmaceuticals,,2021-05-12,,,REPORTING
DJI,Beijing CNBG - Inactivated,Inactivated SARS-CoV-2 vaccine,Beijing Institute of Biological Products (CNBG),,,,,REPORTING
VGB,AstraZeneca - AZD1222,AZD1222,AstraZeneca,,2021-02-11,,,REPORTING
UKR,AstraZeneca - AZD1222,AZD1222,AstraZeneca,,2021-02-24,,,REPORTING
PHL,Pfizer BioNTech - Comirnaty,Comirnaty,Pfizer BioNTech,2021-01-14,2021-05-12,,,REPORTING
LSO,SII - Covishield,Covishield,Serum Institute of India,2021-02-25,2021-03-10,,,REPORTING
NLD,AstraZeneca - AZD1222,AZD1222,AstraZeneca,,2021-02-10,,,REPORTING
ESP,Moderna - mRNA-1273,mRNA-1273,Moderna,,2021-01-13,,,REPORTING
BRA,AstraZeneca - AZD1222,AZD1222,AstraZeneca,,,,,REPORTING
ARE,Beijing CNBG - Inactivated,Inactivated SARS-CoV-2 vaccine,Beijing Institute of Biological Products (CNBG),,,,,REPORTING
MDV,Beijing CNBG - Inactivated,Inactivated SARS-CoV-2 vaccine,Beijing Institute of Biological Products (CNBG),2021-03-17,2021-03-22,,,REPORTING
GGY,AstraZeneca - AZD1222,AZD1222,AstraZeneca,,,,,OWID
PAK,SII - Covishield,Covishield,Serum Institute of India,2021-01-20,2021-02-03,,,REPORTING
CRI,Pfizer BioNTech - Comirnaty,Comirnaty,Pfizer BioNTech,,2020-12-24,,,REPORTING
PNG,AstraZeneca - AZD1222,AZD1222,AstraZeneca,2021-03-18,2021-03-30,,,REPORTING
FSM,Janssen - Ad26.COV 2.5,Ad26.COV 2.5,Janssen Pharmaceuticals,2021-02-27,,,,REPORTING
FRA,Janssen - Ad26.COV 2.5,Ad26.COV 2.5,Janssen Pharmaceuticals,,2021-04-21,,,REPORTING
BEN,Sinovac - CoronaVac,Coronavac,Sinovac,2021-02-26,2021-03-29,,,REPORTING
PHL,Bharat - Covaxin,Covaxin,Bharat Biotech,2021-04-10,,,,REPORTING
MHL,Moderna - mRNA-1273,mRNA-1273,Moderna,,2020-12-29,,,REPORTING
GRC,Pfizer BioNTech - Comirnaty,Comirnaty,Pfizer BioNTech,,2020-12-23,,,REPORTING
HND,AstraZeneca - AZD1222,AZD1222,AstraZeneca,,2021-03-15,,,REPORTING
MLT,Moderna - mRNA-1273,mRNA-1273,Moderna,,2021-02-03,,,REPORTING
CYM,Pfizer BioNTech - Comirnaty,Comirnaty,Pfizer BioNTech,,2021-01-15,,,REPORTING
THA,Janssen - Ad26.COV 2.5,Ad26.COV 2.5,Janssen Pharmaceuticals,2021-03-25,,,,REPORTING
HRV,Moderna - mRNA-1273,mRNA-1273,Moderna,,2021-01-13,,,REPORTING
SSD,SII - Covishield,Covishield,Serum Institute of India,2021-03-01,2021-04-06,,,REPORTING
PNG,SII - Covishield,Covishield,Serum Institute of India,2021-03-02,2021-04-23,,,REPORTING
SYC,Beijing CNBG - Inactivated,Inactivated SARS-CoV-2 vaccine,Beijing Institute of Biological Products (CNBG),,2021-01-10,,,REPORTING
GLP,Pfizer BioNTech - Comirnaty,Comirnaty,Pfizer BioNTech,,2021-01-08,,,REPORTING
GUY,AstraZeneca - AZD1222,AZD1222,AstraZeneca,,,,,REPORTING
ZWE,Bharat - Covaxin,Covaxin,Bharat Biotech,,2021-02-18,,,REPORTING
DZA,SII - Covishield,Covishield,Serum Institute of India,,2021-01-30,,,REPORTING
EGY,Beijing CNBG - Inactivated,Inactivated SARS-CoV-2 vaccine,Beijing Institute of Biological Products (CNBG),,,,,REPORTING
WLF,Moderna - mRNA-1273,mRNA-1273,Moderna,2021-01-06,2021-03-19,,,REPORTING
GGY,Moderna - mRNA-1273,mRNA-1273,Moderna,,,,,OWID
MMR,SII - Covishield,Covishield,Serum Institute of India,2021-01-20,2021-01-27,,,REPORTING
PRY,Beijing CNBG - Inactivated,Inactivated SARS-CoV-2 vaccine,Beijing Institute of Biological Products (CNBG),,2021-03-15,,,REPORTING
MAR,Gamaleya - Sputnik V,Sputnik V,Gamaleya Research Institute,,,,,REPORTING
GIN,Gamaleya - Sputnik V,Sputnik V,Gamaleya Research Institute,2021-01-27,2021-03-05,,,REPORTING
KNA,SII - Covishield,Covishield,Serum Institute of India,,2021-02-22,,,REPORTING
CAF,Bharat - Covaxin,Covaxin,Bharat Biotech,2021-02-26,2021-03-19,,,REPORTING
POL,Janssen - Ad26.COV 2.5,Ad26.COV 2.5,Janssen Pharmaceuticals,,2021-03-31,,,REPORTING
UZB,SII - Covishield,Covishield,Serum Institute of India,,2021-05-12,,,REPORTING
KWT,Beijing CNBG - Inactivated,Inactivated SARS-CoV-2 vaccine,Beijing Institute of Biological Products (CNBG),,,,,REPORTING
COM,SII - Covishield,Covishield,Serum Institute of India,,2021-04-10,,,REPORTING
ROU,Janssen - Ad26.COV 2.5,Ad26.COV 2.5,Janssen Pharmaceuticals,,2021-05-05,,,REPORTING
JAM,AstraZeneca - AZD1222,AZD1222,AstraZeneca,,,,,REPORTING
ZMB,SII - Covishield,Covishield,Serum Institute of India,2021-02-28,2021-04-14,,,REPORTING
GUM,Janssen - Ad26.COV 2.5,Ad26.COV 2.5,Janssen Pharmaceuticals,,2021-03-15,,,REPORTING
ISL,Moderna - mRNA-1273,mRNA-1273,Moderna,,2021-01-13,,,REPORTING
LAO,Beijing CNBG - Inactivated,Inactivated SARS-CoV-2 vaccine,Beijing Institute of Biological Products (CNBG),2021-01-23,2020-11-25,,,REPORTING
URY,Sinovac - CoronaVac,Coronavac,Sinovac,,2021-02-27,,,REPORTING
LBR,SII - Covishield,Covishield,Serum Institute of India,2021-03-15,2021-04-01,,,REPORTING
VEN,Wuhan CNBG - Inactivated,Inactivated SARS-CoV-2 vaccine,Wuhan Institute of Biological Products (CNBG),,2021-03-08,,,REPORTING
NIC,SII - Covishield,Covishield,Serum Institute of India,,2021-04-06,,,REPORTING
KOR,Pfizer BioNTech - Comirnaty,Comirnaty,Pfizer BioNTech,2021-03-04,2021-02-27,,,REPORTING
MLT,Pfizer BioNTech - Comirnaty,Comirnaty,Pfizer BioNTech,,2020-12-23,,,REPORTING
VCT,SII - Covishield,Covishield,Serum Institute of India,,2021-02-14,,,REPORTING
TUN,Sinovac - CoronaVac,Coronavac,Sinovac,,,,,REPORTING
HND,Moderna - mRNA-1273,mRNA-1273,Moderna,,2021-02-26,,,REPORTING
VCT,AstraZeneca - AZD1222,AZD1222,AstraZeneca,,,,,REPORTING
GNB,SII - Covishield,Covishield,Serum Institute of India,,2021-04-02,,,REPORTING
LIE,Moderna - mRNA-1273,mRNA-1273,Moderna,,2021-02-10,,,REPORTING
SGP,AstraZeneca - AZD1222,AZD1222,AstraZeneca,,,,,REPORTING
SLB,SII - Covishield,Covishield,Serum Institute of India,2021-02-22,2021-03-23,,,REPORTING
CHN,CanSino - Ad5-nCOV,Ad5-nCOV,CanSino Biologicals,2021-02-25,,,,REPORTING
MEX,Sinovac - CoronaVac,Coronavac,Sinovac,,,,,REPORTING
FLK,AstraZeneca - AZD1222,AZD1222,AstraZeneca,,,,,OWID
PER,Pfizer BioNTech - Comirnaty,Comirnaty,Pfizer BioNTech,,2021-03-08,,,REPORTING
COM,Beijing CNBG - Inactivated,Inactivated SARS-CoV-2 vaccine,Beijing Institute of Biological Products (CNBG),2021-02-01,2021-04-10,,,REPORTING
SWZ,SII - Covishield,Covishield,Serum Institute of India,,2021-03-19,,,REPORTING
COK,Pfizer BioNTech - Comirnaty,Comirnaty,Pfizer BioNTech,,,,,REPORTING
MEX,AstraZeneca - AZD1222,AZD1222,AstraZeneca,,,,,REPORTING
BTN,Pfizer BioNTech - Comirnaty,Comirnaty,Pfizer BioNTech,2021-03-08,,,,REPORTING
CUW,Moderna - mRNA-1273,mRNA-1273,Moderna,,,,,REPORTING
PSE,AstraZeneca - AZD1222,AZD1222,AstraZeneca,2021-01-25,2021-02-02,,,REPORTING
CHE,Pfizer BioNTech - Comirnaty,Comirnaty,Pfizer BioNTech,,,,,OWID
THA,Sinovac - CoronaVac,Coronavac,Sinovac,2021-02-22,2021-02-28,,,REPORTING
BOL,Pfizer BioNTech - Comirnaty,Comirnaty,Pfizer BioNTech,,2021-04-30,,,REPORTING
ARM,Sinovac - CoronaVac,Coronavac,Sinovac,,,,,OWID
TON,AstraZeneca - AZD1222,AZD1222,AstraZeneca,2021-02-22,2021-04-14,,,REPORTING
PRT,AstraZeneca - AZD1222,AZD1222,AstraZeneca,,2021-01-13,,,REPORTING
COL,Sinovac - CoronaVac,Coronavac,Sinovac,,2021-02-22,,,REPORTING
SWE,AstraZeneca - AZD1222,AZD1222,AstraZeneca,,2021-02-10,,,REPORTING
ARG,SII - Covishield,Covishield,Serum Institute of India,,2021-02-21,,,REPORTING
ESP,AstraZeneca - AZD1222,AZD1222,AstraZeneca,,2021-02-10,,,REPORTING
GRL,Pfizer BioNTech - Comirnaty,Comirnaty,Pfizer BioNTech,,,,,OWID
LTU,Janssen - Ad26.COV 2.5,Ad26.COV 2.5,Janssen Pharmaceuticals,,2021-04-28,,,REPORTING
PCN,AstraZeneca - AZD1222,AZD1222,AstraZeneca,,,,,OWID
ARE,AstraZeneca - AZD1222,AZD1222,AstraZeneca,,2020-12-14,,,REPORTING
ISL,Janssen - Ad26.COV 2.5,Ad26.COV 2.5,Janssen Pharmaceuticals,,2021-04-28,,,REPORTING
HRV,AstraZeneca - AZD1222,AZD1222,AstraZeneca,,2021-01-13,,,REPORTING
IND,Bharat - Covaxin,Covaxin,Bharat Biotech,2021-01-03,2021-01-16,,,REPORTING
MRT,Beijing CNBG - Inactivated,Inactivated SARS-CoV-2 vaccine,Beijing Institute of Biological Products (CNBG),,2021-03-26,,,REPORTING
TLS,SII - Covishield,Covishield,Serum Institute of India,2021-02-23,2021-04-07,,,REPORTING
RWA,SII - Covishield,Covishield,Serum Institute of India,,2021-02-14,,,REPORTING
NOR,Janssen - Ad26.COV 2.5,Ad26.COV 2.5,Janssen Pharmaceuticals,,2021-04-21,,,REPORTING
NOR,Pfizer BioNTech - Comirnaty,Comirnaty,Pfizer BioNTech,,2021-03-31,,,REPORTING
ARG,Beijing CNBG - Inactivated,Inactivated SARS-CoV-2 vaccine,Beijing Institute of Biological Products (CNBG),,2021-03-02,,,REPORTING
COD,SII - Covishield,Covishield,Serum Institute of India,2021-02-26,2021-04-19,,,REPORTING
MDV,Pfizer BioNTech - Comirnaty,Comirnaty,Pfizer BioNTech,2021-03-14,2021-04-13,,,REPORTING
MNE,Gamaleya - Sputnik V,Sputnik V,Gamaleya Research Institute,,2021-02-24,,,REPORTING
KEN,SII - Covishield,Covishield,Serum Institute of India,,2021-03-05,,,REPORTING
GIN,SII - Covishield,Covishield,Serum Institute of India,2021-02-18,2021-03-05,,,REPORTING
TTO,AstraZeneca - AZD1222,AZD1222,AstraZeneca,,,,,REPORTING
UKR,Pfizer BioNTech - Comirnaty,Comirnaty,Pfizer BioNTech,,2021-04-14,,,REPORTING
HUN,Beijing CNBG - Inactivated,Inactivated SARS-CoV-2 vaccine,Beijing Institute of Biological Products (CNBG),,2021-02-24,,,REPORTING
LUX,AstraZeneca - AZD1222,AZD1222,AstraZeneca,,2021-02-10,,,REPORTING
SAU,Janssen - Ad26.COV 2.5,Ad26.COV 2.5,Janssen Pharmaceuticals,,,,,REPORTING
TUR,Pfizer BioNTech - Comirnaty,Comirnaty,Pfizer BioNTech,,,,,OWID
PRY,Sinovac - CoronaVac,Coronavac,Sinovac,,2021-03-10,,,REPORTING
MNG,SII - Covishield,Covishield,Serum Institute of India,2021-01-10,2021-02-23,,,REPORTING
LBY,Sinovac - CoronaVac,Coronavac,Sinovac,,,,,REPORTING
OMN,AstraZeneca - AZD1222,AZD1222,AstraZeneca,2021-02-14,2020-12-29,,,REPORTING
MDV,Sinovac - CoronaVac,Coronavac,Sinovac,2021-03-14,,,,REPORTING
SXM,AstraZeneca - AZD1222,AZD1222,AstraZeneca,,,,,REPORTING
FJI,SII - Covishield,Covishield,Serum Institute of India,,2021-04-06,,,REPORTING
CHN,Sinovac - CoronaVac,Coronavac,Sinovac,2021-02-05,2021-02-22,,,REPORTING
SGP,Moderna - mRNA-1273,mRNA-1273,Moderna,2021-02-03,2021-03-17,,,REPORTING
FRA,AstraZeneca - AZD1222,AZD1222,AstraZeneca,,2021-02-03,,,REPORTING
SYR,Gamaleya - Sputnik V,Sputnik V,Gamaleya Research Institute,,,,,REPORTING
DEU,AstraZeneca - AZD1222,AZD1222,AstraZeneca,,2021-02-10,,,REPORTING
ABW,Janssen - Ad26.COV 2.5,Ad26.COV 2.5,Janssen Pharmaceuticals,,,,,REPORTING
BEN,SII - Covishield,Covishield,Serum Institute of India,2021-02-24,2021-03-29,,,REPORTING
BRN,AstraZeneca - AZD1222,AZD1222,AstraZeneca,2021-02-22,2021-04-03,,,REPORTING
SLV,Sinovac - CoronaVac,Coronavac,Sinovac,,2021-03-28,,,REPORTING
HUN,Janssen - Ad26.COV 2.5,Ad26.COV 2.5,Janssen Pharmaceuticals,,2021-05-05,,,REPORTING
SGP,Pfizer BioNTech - Comirnaty,Comirnaty,Pfizer BioNTech,2020-12-14,2020-12-30,,,REPORTING
BOL,SII - Covishield,Covishield,Serum Institute of India,,,,,REPORTING
DOM,Sinovac - CoronaVac,Coronavac,Sinovac,,2021-02-24,,,REPORTING
DZA,Beijing CNBG - Inactivated,Inactivated SARS-CoV-2 vaccine,Beijing Institute of Biological Products (CNBG),,2021-01-30,,,REPORTING
POL,AstraZeneca - AZD1222,AZD1222,AstraZeneca,,2021-01-13,,,REPORTING
CZE,Janssen - Ad26.COV 2.5,Ad26.COV 2.5,Janssen Pharmaceuticals,,2021-04-21,,,REPORTING
IRN,Bharat - Covaxin,Covaxin,Bharat Biotech,,,,,REPORTING
NER,Beijing CNBG - Inactivated,Inactivated SARS-CoV-2 vaccine,Beijing Institute of Biological Products (CNBG),2021-02-23,2021-03-29,,,REPORTING
TKM,Beijing CNBG - Inactivated,Inactivated SARS-CoV-2 vaccine,Beijing Institute of Biological Products (CNBG),,2021-03-31,,,REPORTING
HRV,Janssen - Ad26.COV 2.5,Ad26.COV 2.5,Janssen Pharmaceuticals,,2021-02-17,,,REPORTING
RWA,Moderna - mRNA-1273,mRNA-1273,Moderna,,2021-02-14,,,REPORTING
LUX,Moderna - mRNA-1273,mRNA-1273,Moderna,,2021-01-20,,,REPORTING
BGR,AstraZeneca - AZD1222,AZD1222,AstraZeneca,,2021-02-03,,,REPORTING
BEL,Moderna - mRNA-1273,mRNA-1273,Moderna,,2021-01-13,,,REPORTING
FIN,Pfizer BioNTech - Comirnaty,Comirnaty,Pfizer BioNTech,,2020-12-23,,,REPORTING
PRY,Bharat - Covaxin,Covaxin,Bharat Biotech,,2021-04-10,,,REPORTING
CUB,Abdala,,,,,,,OWID
JPN,Moderna - mRNA-1273,mRNA-1273,Moderna,,,,,REPORTING
FIN,Moderna - mRNA-1273,mRNA-1273,Moderna,,2021-01-06,,,REPORTING
LKA,SII - Covishield,Covishield,Serum Institute of India,2021-01-22,2021-01-29,,,REPORTING
SRB,Pfizer BioNTech - Comirnaty,Comirnaty,Pfizer BioNTech,,2020-12-23,,,REPORTING
MAR,AstraZeneca - AZD1222,AZD1222,AstraZeneca,2021-01-06,2021-01-28,,,REPORTING
NPL,Gamaleya - Sputnik V,Sputnik V,Gamaleya Research Institute,2021-04-20,,,,REPORTING
JOR,Pfizer BioNTech - Comirnaty,Comirnaty,Pfizer BioNTech,,,,,REPORTING
ESP,Pfizer BioNTech - Comirnaty,Comirnaty,Pfizer BioNTech,,2020-12-30,,,REPORTING
PAK,Gamaleya - Sputnik V,Sputnik V,Gamaleya Research Institute,,,,,REPORTING
AND,Pfizer BioNTech - Comirnaty,Comirnaty,Pfizer BioNTech,,2021-01-20,,,REPORTING
LVA,Moderna - mRNA-1273,mRNA-1273,Moderna,,2021-01-13,,,REPORTING
IRQ,Pfizer BioNTech - Comirnaty,Comirnaty,Pfizer BioNTech,,,,,REPORTING
ISR,Moderna - mRNA-1273,mRNA-1273,Moderna,,2021-03-03,,,REPORTING
LBN,Gamaleya - Sputnik V,Sputnik V,Gamaleya Research Institute,,,,,REPORTING
AUS,Novavax - Covavax,Covavax,Novavax,,,,,REPORTING
ALB,Sinovac - CoronaVac,Coronavac,Sinovac,,2021-03-24,,,REPORTING
PSE,Gamaleya - Sputnik V,Sputnik V,Gamaleya Research Institute,,,,,REPORTING
THA,AstraZeneca - AZD1222,AZD1222,AstraZeneca,2021-01-20,2021-03-16,,,REPORTING
SAU,Moderna - mRNA-1273,mRNA-1273,Moderna,,,,,REPORTING
PHL,Sinovac - CoronaVac,Coronavac,Sinovac,2021-02-22,2021-03-01,,,REPORTING
NOR,AstraZeneca - AZD1222,AZD1222,AstraZeneca,,2021-04-28,,,REPORTING
CHN,Wuhan CNBG - Inactivated,Inactivated SARS-CoV-2 vaccine,Wuhan Institute of Biological Products (CNBG),2021-02-25,,,,REPORTING
POL,Pfizer BioNTech - Comirnaty,Comirnaty,Pfizer BioNTech,,2020-12-23,,,REPORTING
BIH,Pfizer BioNTech - Comirnaty,Comirnaty,Pfizer BioNTech,,,,,OWID
MNP,Pfizer BioNTech - Comirnaty,Comirnaty,Pfizer BioNTech,2020-12-11,2020-12-19,,,REPORTING
CAN,Pfizer BioNTech - Comirnaty,Comirnaty,Pfizer BioNTech,,2020-12-14,,,REPORTING
GNB,Beijing CNBG - Inactivated,Inactivated SARS-CoV-2 vaccine,Beijing Institute of Biological Products (CNBG),,2021-04-02,,,REPORTING
IRN,AstraZeneca - AZD1222,AZD1222,AstraZeneca,2021-01-27,2021-02-09,,,REPORTING
FSM,Moderna - mRNA-1273,mRNA-1273,Moderna,2020-12-18,2021-01-13,,,REPORTING
GUM,Pfizer BioNTech - Comirnaty,Comirnaty,Pfizer BioNTech,,2021-01-04,,,REPORTING
MHL,Pfizer BioNTech - Comirnaty,Comirnaty,Pfizer BioNTech,,,,,REPORTING
MRT,SII - Covishield,Covishield,Serum Institute of India,,2021-03-26,,,REPORTING
MEX,Gamaleya - Sputnik V,Sputnik V,Gamaleya Research Institute,,,,,REPORTING
GMB,Beijing CNBG - Inactivated,Inactivated SARS-CoV-2 vaccine,Beijing Institute of Biological Products (CNBG),,2021-03-10,,,REPORTING
ROU,Moderna - mRNA-1273,mRNA-1273,Moderna,,2021-02-03,,,REPORTING
BRN,Pfizer BioNTech - Comirnaty,Comirnaty,Pfizer BioNTech,,,,,REPORTING
SDN,Sinovac - CoronaVac,Coronavac,Sinovac,,,,,REPORTING
BHR,Gamaleya - Sputnik V,Sputnik V,Gamaleya Research Institute,,,,,REPORTING
ARM,Gamaleya - Sputnik V,Sputnik V,Gamaleya Research Institute,,,,,OWID
LVA,AstraZeneca - AZD1222,AZD1222,AstraZeneca,,2021-02-10,,,REPORTING
GUY,SII - Covishield,Covishield,Serum Institute of India,,2021-02-11,,,REPORTING
ISL,AstraZeneca - AZD1222,AZD1222,AstraZeneca,,2021-02-10,,,REPORTING
ECU,Sinovac - CoronaVac,Coronavac,Sinovac,,,,,REPORTING
AFG,SII - Covishield,Covishield,Serum Institute of India,2021-02-23,2021-02-22,,,REPORTING
GIN,Sinovac - CoronaVac,Coronavac,Sinovac,2021-04-01,2021-03-05,,,REPORTING
JEY,AstraZeneca - AZD1222,AZD1222,AstraZeneca,,,,,OWID
CHE,Moderna - mRNA-1273,mRNA-1273,Moderna,,,,,OWID
IDN,Beijing CNBG - Inactivated,Inactivated SARS-CoV-2 vaccine,Beijing Institute of Biological Products (CNBG),2021-04-29,2021-05-18,,,REPORTING
HRV,Pfizer BioNTech - Comirnaty,Comirnaty,Pfizer BioNTech,,2020-12-23,,,REPORTING
HUN,Moderna - mRNA-1273,mRNA-1273,Moderna,,2021-01-13,,,REPORTING
GBR,Pfizer BioNTech - Comirnaty,Comirnaty,Pfizer BioNTech,,2020-12-21,,,REPORTING
BOL,Beijing CNBG - Inactivated,Inactivated SARS-CoV-2 vaccine,Beijing Institute of Biological Products (CNBG),,,,,REPORTING
ALB,Pfizer BioNTech - Comirnaty,Comirnaty,Pfizer BioNTech,,2021-01-13,,,REPORTING
TUN,Pfizer BioNTech - Comirnaty,Comirnaty,Pfizer BioNTech,,,,,REPORTING
LAO,Gamaleya - Sputnik V,Sputnik V,Gamaleya Research Institute,2021-02-03,2021-02-09,,,REPORTING
GIN,Beijing CNBG - Inactivated,Inactivated SARS-CoV-2 vaccine,Beijing Institute of Biological Products (CNBG),2021-02-12,2021-03-05,,,REPORTING
ITA,AstraZeneca - AZD1222,AZD1222,AstraZeneca,,2021-02-10,,,REPORTING
DNK,Pfizer BioNTech - Comirnaty,Comirnaty,Pfizer BioNTech,,2020-12-30,,,REPORTING
TKM,AstraZeneca - AZD1222,AZD1222,AstraZeneca,,2021-03-31,,,REPORTING
DNK,AstraZeneca - AZD1222,AZD1222,AstraZeneca,,2021-02-10,,,REPORTING
LUX,Pfizer BioNTech - Comirnaty,Comirnaty,Pfizer BioNTech,,2020-12-30,,,REPORTING
EST,Pfizer BioNTech - Comirnaty,Comirnaty,Pfizer BioNTech,,2020-12-23,,,REPORTING
KOR,Novavax - Covavax,Covavax,Novavax,,,,,REPORTING
ATG,SII - Covishield,Covishield,Serum Institute of India,,2021-02-19,,,REPORTING
QAT,Moderna - mRNA-1273,mRNA-1273,Moderna,,,,,REPORTING
UKR,Janssen - Ad26.COV 2.5,Ad26.COV 2.5,Janssen Pharmaceuticals,,2021-05-19,,,REPORTING
MDG,SII - Covishield,Covishield,Serum Institute of India,2021-03-26,2021-05-10,,,REPORTING
KAZ,Gamaleya - Sputnik V,Sputnik V,Gamaleya Research Institute,,2021-03-17,,,REPORTING
BIH,Sinovac - CoronaVac,Coronavac,Sinovac,,,,,OWID
ISR,Pfizer BioNTech - Comirnaty,Comirnaty,Pfizer BioNTech,,2020-12-16,,,REPORTING
SDN,SII - Covishield,Covishield,Serum Institute of India,2021-02-20,2021-03-09,,,REPORTING
ECU,Pfizer BioNTech - Comirnaty,Comirnaty,Pfizer BioNTech,,2021-01-21,,,REPORTING
BHR,Beijing CNBG - Inactivated,Inactivated SARS-CoV-2 vaccine,Beijing Institute of Biological Products (CNBG),,,,,REPORTING
DNK,Moderna - mRNA-1273,mRNA-1273,Moderna,,2021-01-13,,,REPORTING
NZL,AstraZeneca - AZD1222,AZD1222,AstraZeneca,,,,,REPORTING
NOR,Moderna - mRNA-1273,mRNA-1273,Moderna,,2021-03-31,,,REPORTING
ABW,Pfizer BioNTech - Comirnaty,Comirnaty,Pfizer BioNTech,,2021-02-17,,,REPORTING
PNG,Beijing CNBG - Inactivated,Inactivated SARS-CoV-2 vaccine,Beijing Institute of Biological Products (CNBG),,,,,REPORTING
CHL,Pfizer BioNTech - Comirnaty,Comirnaty,Pfizer BioNTech,,2020-12-21,,,REPORTING
PRT,Pfizer BioNTech - Comirnaty,Comirnaty,Pfizer BioNTech,,2020-12-23,,,REPORTING
ASM,Janssen - Ad26.COV 2.5,Ad26.COV 2.5,Janssen Pharmaceuticals,,,,,REPORTING
GRC,Janssen - Ad26.COV 2.5,Ad26.COV 2.5,Janssen Pharmaceuticals,,2021-05-05,,,REPORTING
CUW,Pfizer BioNTech - Comirnaty,Comirnaty,Pfizer BioNTech,,2021-02-24,,,REPORTING
RUS,SRCVB - EpiVacCorona,EpiVacCorona,State Research Center of Virology & Biotechnology,,,,,OWID
IND,Gamaleya - Sputnik V,Sputnik V,Gamaleya Research Institute,2021-04-12,2021-05-14,,,REPORTING
ARG,AstraZeneca - AZD1222,AZD1222,AstraZeneca,,2021-03-30,,,REPORTING
GLP,AstraZeneca - AZD1222,AZD1222,AstraZeneca,,,,,REPORTING
USA,Pfizer BioNTech - Comirnaty,Comirnaty,Pfizer BioNTech,,2020-12-14,,,REPORTING
MDA,AstraZeneca - AZD1222,AZD1222,AstraZeneca,,2021-03-03,,,REPORTING
PRT,Moderna - mRNA-1273,mRNA-1273,Moderna,,2021-01-06,,,REPORTING
USA,Moderna - mRNA-1273,mRNA-1273,Moderna,,2020-12-21,,,REPORTING
PAN,Pfizer BioNTech - Comirnaty,Comirnaty,Pfizer BioNTech,,2021-01-20,,,REPORTING
GEO,AstraZeneca - AZD1222,AZD1222,AstraZeneca,,2021-03-17,,,REPORTING
IRQ,Beijing CNBG - Inactivated,Inactivated SARS-CoV-2 vaccine,Beijing Institute of Biological Products (CNBG),,,,,REPORTING
BLR,Beijing CNBG - Inactivated,Inactivated SARS-CoV-2 vaccine,Beijing Institute of Biological Products (CNBG),,2021-03-24,,,REPORTING
ITA,Janssen - Ad26.COV 2.5,Ad26.COV 2.5,Janssen Pharmaceuticals,,2021-04-21,,,REPORTING
MKD,Beijing CNBG - Inactivated,Inactivated SARS-CoV-2 vaccine,Beijing Institute of Biological Products (CNBG),,2021-04-21,,,REPORTING
ARM,AstraZeneca - AZD1222,AZD1222,AstraZeneca,,,,,OWID
BLZ,SII - Covishield,Covishield,Serum Institute of India,,2021-03-01,,,REPORTING
AZE,Sinovac - CoronaVac,Coronavac,Sinovac,,2021-01-20,,,REPORTING
DMA,AstraZeneca - AZD1222,AZD1222,AstraZeneca,,,,,REPORTING
NLD,Moderna - mRNA-1273,mRNA-1273,Moderna,,2021-01-20,,,REPORTING
JPN,Novavax - Covavax,Covavax,Novavax,,,,,REPORTING
GBR,Moderna - mRNA-1273,mRNA-1273,Moderna,,2021-01-11,,,REPORTING
BRA,Sinovac - CoronaVac,Coronavac,Sinovac,,2021-01-17,,,REPORTING
RWA,Pfizer BioNTech - Comirnaty,Comirnaty,Pfizer BioNTech,,2021-02-14,,,REPORTING
BHR,Janssen - Ad26.COV 2.5,Ad26.COV 2.5,Janssen Pharmaceuticals,,,,,REPORTING
CHN,Anhui ZL - Recombinant,Recombinant SARS-CoV-2 vaccine,Anhui Zhifei Longcom Biophamaceutical,2021-03-17,,,,REPORTING
SEN,SII - Covishield,Covishield,Serum Institute of India,2021-02-16,2021-02-23,,,REPORTING
WSM,AstraZeneca - AZD1222,AZD1222,AstraZeneca,2021-02-23,2021-04-18,,,REPORTING
MKD,Gamaleya - Sputnik V,Sputnik V,Gamaleya Research Institute,,2021-03-10,,,REPORTING
CUW,AstraZeneca - AZD1222,AZD1222,AstraZeneca,,,,,REPORTING
MEX,CanSino - Ad5-nCOV,Ad5-nCOV,CanSino Biologicals,,,,,REPORTING
BRN,Beijing CNBG - Inactivated,Inactivated SARS-CoV-2 vaccine,Beijing Institute of Biological Products (CNBG),2021-02-03,2021-04-03,,,REPORTING
IRN,Beijing CNBG - Inactivated,Inactivated SARS-CoV-2 vaccine,Beijing Institute of Biological Products (CNBG),,,,,REPORTING
VNM,AstraZeneca - AZD1222,AZD1222,AstraZeneca,2021-02-01,2021-04-16,,,REPORTING
IND,SII - Covishield,Covishield,Serum Institute of India,2021-01-03,2021-01-16,,,REPORTING
GHA,SII - Covishield,Covishield,Serum Institute of India,2021-02-12,2021-03-02,,,REPORTING
TGO,SII - Covishield,Covishield,Serum Institute of India,,2021-03-10,,,REPORTING
LTU,Pfizer BioNTech - Comirnaty,Comirnaty,Pfizer BioNTech,,2020-12-23,,,REPORTING
EST,Moderna - mRNA-1273,mRNA-1273,Moderna,,2021-01-20,,,REPORTING
CAN,Moderna - mRNA-1273,mRNA-1273,Moderna,,,,,REPORTING
KAZ,Beijing CNBG - Inactivated,Inactivated SARS-CoV-2 vaccine,Beijing Institute of Biological Products (CNBG),,2021-05-05,,,REPORTING
SLV,Pfizer BioNTech - Comirnaty,Comirnaty,Pfizer BioNTech,,2021-03-23,,,REPORTING
IMN,AstraZeneca - AZD1222,AZD1222,AstraZeneca,,,,,OWID
EST,Janssen - Ad26.COV 2.5,Ad26.COV 2.5,Janssen Pharmaceuticals,,2021-04-28,,,REPORTING
SDN,Beijing CNBG - Inactivated,Inactivated SARS-CoV-2 vaccine,Beijing Institute of Biological Products (CNBG),,,,,REPORTING
BHR,SII - Covishield,Covishield,Serum Institute of India,,2020-12-25,,,REPORTING
BMU,AstraZeneca - AZD1222,AZD1222,AstraZeneca,,,,,REPORTING
NAM,SII - Covishield,Covishield,Serum Institute of India,,2021-03-19,,,REPORTING
GNQ,Beijing CNBG - Inactivated,Inactivated SARS-CoV-2 vaccine,Beijing Institute of Biological Products (CNBG),,2021-02-12,,,REPORTING
SDN,Pfizer BioNTech - Comirnaty,Comirnaty,Pfizer BioNTech,2021-02-20,2021-03-09,,,REPORTING
MNE,Pfizer BioNTech - Comirnaty,Comirnaty,Pfizer BioNTech,,2021-05-05,,,REPORTING
MNG,Moderna - mRNA-1273,mRNA-1273,Moderna,2021-01-10,,,,REPORTING
FRO,Moderna - mRNA-1273,mRNA-1273,Moderna,,,,,OWID
SOM,Sinovac - CoronaVac,Coronavac,Sinovac,,,,,REPORTING
BRB,AstraZeneca - AZD1222,AZD1222,AstraZeneca,,,,,REPORTING
STP,SII - Covishield,Covishield,Serum Institute of India,2021-02-21,2021-03-15,,,REPORTING
DMA,Beijing CNBG - Inactivated,Inactivated SARS-CoV-2 vaccine,Beijing Institute of Biological Products (CNBG),,2021-03-11,,,REPORTING
GUY,Beijing CNBG - Inactivated,Inactivated SARS-CoV-2 vaccine,Beijing Institute of Biological Products (CNBG),,,,,REPORTING
USA,Janssen - Ad26.COV 2.5,Ad26.COV 2.5,Janssen Pharmaceuticals,,,,,REPORTING
CUB,Soberana02,,,,,,,OWID
JOR,AstraZeneca - AZD1222,AZD1222,AstraZeneca,2020-12-13,2021-01-13,,,REPORTING
PYF,Pfizer BioNTech - Comirnaty,Comirnaty,Pfizer BioNTech,2020-12-29,2021-01-18,,,REPORTING
NLD,Pfizer BioNTech - Comirnaty,Comirnaty,Pfizer BioNTech,,2021-01-06,,,REPORTING
FRO,Pfizer BioNTech - Comirnaty,Comirnaty,Pfizer BioNTech,,,,,OWID
SXM,Pfizer BioNTech - Comirnaty,Comirnaty,Pfizer BioNTech,,2021-02-22,,,REPORTING
SYR,SII - Covishield,Covishield,Serum Institute of India,2021-02-03,2021-04-01,,,REPORTING
SOM,SII - Covishield,Covishield,Serum Institute of India,2021-02-22,2021-03-16,,,REPORTING
MEX,Pfizer BioNTech - Comirnaty,Comirnaty,Pfizer BioNTech,,,,,REPORTING
GTM,Gamaleya - Sputnik V,Sputnik V,Gamaleya Research Institute,,,,,REPORTING
UZB,Anhui ZL - Recombinant,Recombinant SARS-CoV-2 vaccine,Anhui Zhifei Longcom Biophamaceutical,,2021-05-12,,,REPORTING
CYP,Pfizer BioNTech - Comirnaty,Comirnaty,Pfizer BioNTech,,2020-12-23,,,REPORTING
TJK,SII - Covishield,Covishield,Serum Institute of India,,2021-03-24,,,REPORTING
BES,Moderna - mRNA-1273,mRNA-1273,Moderna,,2021-02-22,,,REPORTING
ALB,Gamaleya - Sputnik V,Sputnik V,Gamaleya Research Institute,,2021-03-24,,,REPORTING
SLV,SII - Covishield,Covishield,Serum Institute of India,,2021-04-12,,,REPORTING
SWE,Moderna - mRNA-1273,mRNA-1273,Moderna,,2021-01-13,,,REPORTING
QAT,AstraZeneca - AZD1222,AZD1222,AstraZeneca,,2020-12-23,,,REPORTING
GTM,SII - Covishield,Covishield,Serum Institute of India,,2021-03-03,,,REPORTING
VNM,Gamaleya - Sputnik V,Sputnik V,Gamaleya Research Institute,2021-03-23,,,,REPORTING
LCA,SII - Covishield,Covishield,Serum Institute of India,,2021-02-17,,,REPORTING
MLI,SII - Covishield,Covishield,Serum Institute of India,2021-02-19,2021-03-31,,,REPORTING
LBY,Gamaleya - Sputnik V,Sputnik V,Gamaleya Research Institute,,,,,REPORTING
CZE,Moderna - mRNA-1273,mRNA-1273,Moderna,,2021-01-13,,,REPORTING
EST,AstraZeneca - AZD1222,AZD1222,AstraZeneca,,2021-02-17,,,REPORTING
MDA,Gamaleya - Sputnik V,Sputnik V,Gamaleya Research Institute,,2021-05-05,,,REPORTING
MLT,AstraZeneca - AZD1222,AZD1222,AstraZeneca,,2021-02-10,,,REPORTING
IMN,Pfizer BioNTech - Comirnaty,Comirnaty,Pfizer BioNTech,,,,,OWID
FRA,Pfizer BioNTech - Comirnaty,Comirnaty,Pfizer BioNTech,,2020-12-30,,,REPORTING
MNG,Pfizer BioNTech - Comirnaty,Comirnaty,Pfizer BioNTech,2021-01-10,2021-03-26,,,REPORTING
CYP,AstraZeneca - AZD1222,AZD1222,AstraZeneca,,2021-02-10,,,REPORTING
MKD,Pfizer BioNTech - Comirnaty,Comirnaty,Pfizer BioNTech,,2021-02-17,,,REPORTING
MCO,Pfizer BioNTech - Comirnaty,Comirnaty,Pfizer BioNTech,,,,,OWID
BTN,SII - Covishield,Covishield,Serum Institute of India,2021-01-21,2021-03-27,,,REPORTING
LAO,SII - Covishield,Covishield,Serum Institute of India,2021-02-22,2021-04-02,,,REPORTING
ISL,Pfizer BioNTech - Comirnaty,Comirnaty,Pfizer BioNTech,,2020-12-30,,,REPORTING
FRA,Moderna - mRNA-1273,mRNA-1273,Moderna,,2021-01-13,,,REPORTING
ROU,AstraZeneca - AZD1222,AZD1222,AstraZeneca,,2021-02-17,,,REPORTING
BEL,AstraZeneca - AZD1222,AZD1222,AstraZeneca,,2021-02-10,,,REPORTING
ZWE,Sinovac - CoronaVac,Coronavac,Sinovac,,2021-02-18,,,REPORTING
CPV,Pfizer BioNTech - Comirnaty,Comirnaty,Pfizer BioNTech,2021-02-19,2021-03-18,,,REPORTING
ARE,Gamaleya - Sputnik V,Sputnik V,Gamaleya Research Institute,,,,,REPORTING
AFG,Beijing CNBG - Inactivated,Inactivated SARS-CoV-2 vaccine,Beijing Institute of Biological Products (CNBG),,,,,REPORTING
TLS,AstraZeneca - AZD1222,AZD1222,AstraZeneca,2021-02-23,2021-04-07,,,REPORTING
LBY,Moderna - mRNA-1273,mRNA-1273,Moderna,,,,,REPORTING
BOL,Gamaleya - Sputnik V,Sputnik V,Gamaleya Research Institute,,2021-01-30,,,REPORTING
MNG,Beijing CNBG - Inactivated,Inactivated SARS-CoV-2 vaccine,Beijing Institute of Biological Products (CNBG),2021-01-10,2021-03-10,,,REPORTING
MNG,Gamaleya - Sputnik V,Sputnik V,Gamaleya Research Institute,2021-05-01,2021-05-07,,,REPORTING
GTM,AstraZeneca - AZD1222,AZD1222,AstraZeneca,,2021-03-15,,,REPORTING
JOR,Gamaleya - Sputnik V,Sputnik V,Gamaleya Research Institute,,,,,REPORTING
FJI,AstraZeneca - AZD1222,AZD1222,AstraZeneca,2021-02-22,2021-03-07,,,REPORTING
BLR,Gamaleya - Sputnik V,Sputnik V,Gamaleya Research Institute,,2021-02-03,,,REPORTING
DZA,Gamaleya - Sputnik V,Sputnik V,Gamaleya Research Institute,2021-01-10,2021-01-30,,,REPORTING
BLZ,AstraZeneca - AZD1222,AZD1222,AstraZeneca,,2021-04-07,,,REPORTING
GEO,Beijing CNBG - Inactivated,Inactivated SARS-CoV-2 vaccine,Beijing Institute of Biological Products (CNBG),,2021-05-05,,,REPORTING
TUN,AstraZeneca - AZD1222,AZD1222,AstraZeneca,2021-01-11,2021-03-13,,,REPORTING
SHN,AstraZeneca - AZD1222,AZD1222,AstraZeneca,,,,,OWID
AIA,AstraZeneca - AZD1222,AZD1222,AstraZeneca,,2021-02-05,,,REPORTING
JOR,Beijing CNBG - Inactivated,Inactivated SARS-CoV-2 vaccine,Beijing Institute of Biological Products (CNBG),,,,,REPORTING
VEN,Gamaleya - Sputnik V,Sputnik V,Gamaleya Research Institute,,2021-02-13,,,REPORTING
LAO,Sinovac - CoronaVac,Coronavac,Sinovac,2021-02-06,,,,REPORTING
NCL,Pfizer BioNTech - Comirnaty,Comirnaty,Pfizer BioNTech,2020-12-29,2021-01-20,,,REPORTING
SVN,AstraZeneca - AZD1222,AZD1222,AstraZeneca,,2021-02-10,,,REPORTING
BRA,Pfizer BioNTech - Comirnaty,Comirnaty,Pfizer BioNTech,,2021-05-03,,,REPORTING
GUM,Moderna - mRNA-1273,mRNA-1273,Moderna,,2021-01-29,,,REPORTING
PRI,Janssen - Ad26.COV 2.5,Ad26.COV 2.5,Janssen Pharmaceuticals,,,,,REPORTING
EGY,Gamaleya - Sputnik V,Sputnik V,Gamaleya Research Institute,,,,,REPORTING
ALB,SII - Covishield,Covishield,Serum Institute of India,,2021-04-21,,,REPORTING
AUT,Janssen - Ad26.COV 2.5,Ad26.COV 2.5,Janssen Pharmaceuticals,,2021-03-17,,,REPORTING
AZE,AstraZeneca - AZD1222,AZD1222,AstraZeneca,,2021-05-05,,,REPORTING
MSR,AstraZeneca - AZD1222,AZD1222,AstraZeneca,,2021-02-08,,,REPORTING
AUT,Moderna - mRNA-1273,mRNA-1273,Moderna,,2021-01-13,,,REPORTING
KHM,Beijing CNBG - Inactivated,Inactivated SARS-CoV-2 vaccine,Beijing Institute of Biological Products (CNBG),2021-02-04,2021-02-10,,,REPORTING
LBY,AstraZeneca - AZD1222,AZD1222,AstraZeneca,2021-02-24,2021-04-11,,,REPORTING
BLZ,Beijing CNBG - Inactivated,Inactivated SARS-CoV-2 vaccine,Beijing Institute of Biological Products (CNBG),,2021-05-18,,,REPORTING
LBN,Beijing CNBG - Inactivated,Inactivated SARS-CoV-2 vaccine,Beijing Institute of Biological Products (CNBG),,,,,REPORTING
IDN,AstraZeneca - AZD1222,AZD1222,AstraZeneca,2021-02-21,2021-03-23,,,REPORTING
TCA,Pfizer BioNTech - Comirnaty,Comirnaty,Pfizer BioNTech,,2021-01-11,,,REPORTING